10,3,18,24,26,4,30,21,21,19,29,14,13,23,15,1,27,24,19,4,13,7,13,29,11,29,1,4,21,16,12
26,16,8,16,5,15,3,21,8,5,23,5,30,18,3,21,8,11,10,9,15,8,11,29,15,16,5,12,12,9,8
22,14,18,16,27,13,28,16,15,27,27,3,27,12,0,27,30,30,24,30,17,6,5,6,12,8,19,4,17,12,3
18,13,3,16,25,28,19,15,0,1,23,17,10,13,19,2,18,3,23,16,18,23,28,8,17,13,10,13,15,20,8
6,20,16,22,3,3,7,10,8,8,4,10,7,16,11,4,13,0,12,24,3,10,18,15,2,1,1,4,28,29,0
19,24,30,9,27,26,7,17,28,29,10,12,8,8,23,22,11,21,22,8,22,6,23,27,5,13,1,21,27,17,19
22,10,17,17,24,12,23,26,29,21,4,8,11,21,24,20,13,0,1,20,23,7,8,23,29,30,6,9,0,4,14
2,11,18,14,6,27,14,8,22,12,25,2,28,30,15,30,11,5,1,4,6,18,27,1,12,22,18,29,2,9,4
4,6,1,26,26,7,7,14,26,3,2,5,30,24,4,21,11,24,16,2,4,14,21,13,25,7,15,22,7,18,15
28,23,23,0,9,2,21,0,25,18,25,8,15,30,13,6,13,12,16,15,16,25,6,0,1,10,22,1,21,24,17
22,23,26,2,23,12,16,19,4,23,5,3,14,9,22,18,19,11,22,6,21,15,29,12,1,9,30,8,13,14,6
21,18,13,1,23,30,0,16,23,13,13,14,5,9,8,25,15,4,10,18,23,28,27,16,27,2,21,11,4,14,25
21,19,9,27,3,24,7,20,23,30,30,16,22,29,1,21,28,3,18,24,8,14,7,28,21,5,23,18,11,24,8
19,5,1,27,16,24,13,17,23,29,10,8,3,2,14,1,2,1,0,20,30,2,4,9,8,22,19,19,7,29,28
1,6,15,22,4,14,6,23,14,22,16,13,27,16,1,10,5,8,0,17,22,16,30,24,14,17,28,28,19,2,16
14,1,7,12,30,28,15,21,21,23,15,21,7,19,4,10,11,6,3,8,28,15,21,17,2,1,4,27,13,2,27
3,1,15,4,7,23,25,23,19,3,22,10,4,9,28,3,6,7,11,11,13,20,24,5,26,10,30,30,23,14,7
6,6,12,12,15,8,25,8,8,17,24,14,21,0,19,15,15,1,5,29,2,23,5,2,30,25,18,6,23,11,21
28,8,3,13,16,5,3,15,11,0,29,29,18,14,11,13,1,18,5,24,11,5,28,25,18,23,22,22,30,9,27
16,30,23,25,3,2,22,21,0,16,25,0,27,13,0,28,1,25,15,28,8,17,17,19,26,14,30,18,0,10,27
22,10,4,4,23,11,4,26,2,13,16,12,20,16,8,29,22,8,29,30,7,30,21,29,3,15,18,2,9,30,12
6,23,15,5,10,30,12,19,25,4,27,6,19,1,4,21,6,16,22,24,25,24,24,30,13,30,0,26,10,30,6
12,9,8,25,9,0,12,23,6,30,2,16,25,12,15,10,5,21,11,27,2,29,5,26,13,0,6,13,7,20,2
21,16,11,0,27,30,1,21,27,20,19,28,2,8,12,3,11,15,28,3,5,17,30,14,26,4,11,21,14,18,17
12,21,16,28,20,25,14,1,9,13,17,17,15,8,17,25,6,3,7,25,2,21,17,6,9,5,21,12,8,8,9
17,15,17,25,21,29,26,28,16,15,25,3,29,16,7,2,6,11,28,0,0,0,6,25,3,7,19,24,0,17,2
19,17,28,25,11,7,17,8,22,29,23,15,24,11,8,6,3,6,2,12,4,14,8,30,11,9,16,24,16,0,20
30,23,27,6,14,26,30,8,13,8,18,12,7,13,7,21,25,24,2,8,13,26,14,12,16,19,4,21,27,8,21
17,7,9,2,26,24,24,7,29,12,25,0,23,29,26,5,12,5,12,17,11,28,8,4,27,14,9,18,17,0,12
6,26,19,19,18,2,21,14,22,1,18,10,23,13,8,0,7,14,19,12,20,28,10,14,25,8,21,28,21,1,8
24,20,16,24,21,22,5,14,20,24,0,18,22,2,10,30,16,6,26,12,1,2,14,21,22,29,16,19,28,10,5
